-- Publicações demo — Recreio dos Bandeirantes, Rio de Janeiro

INSERT INTO posts (
  id, author_id, author_name, type, title, description, status,
  latitude, longitude, neighborhood, city, tags,
  reactions_count, comments_count, views_count, created_at
) VALUES
  ('aaaaaaaa-aaaa-aaaa-aaaa-aaaaaaaaaaaa',
   '11111111-1111-1111-1111-111111111111', 'Maria Silva',
   'problem', 'Buraco na Av. das Américas',
   'Buraco grande próximo ao Recreio Shopping, na altura do posto de gasolina. Risco para ciclistas e motociclistas, especialmente à noite.',
   'active', -23.0245, -43.4580, 'Recreio dos Bandeirantes', 'Rio de Janeiro',
   ARRAY['infraestrutura','transito','asfalto'], 12, 2, 87,
   NOW() - INTERVAL '2 days'),

  ('bbbbbbbb-bbbb-bbbb-bbbb-bbbbbbbbbbbb',
   '22222222-2222-2222-2222-222222222222', 'Associação Recreio Verde',
   'project', 'Mutirão de limpeza da Praia do Recreio',
   'Voluntários reunidos todo sábado às 8h na orla, em frente à faixa de areia central. Traga luvas e garrafa de água!',
   'active', -23.0290, -43.4650, 'Recreio dos Bandeirantes', 'Rio de Janeiro',
   ARRAY['ambiental','praia','voluntariado'], 28, 3, 156,
   NOW() - INTERVAL '5 days'),

  ('cccccccc-cccc-cccc-cccc-cccccccccccc',
   '11111111-1111-1111-1111-111111111111', 'Maria Silva',
   'problem', 'Iluminação precária na Av. Gen. Barreto',
   'Trecho entre a Rua Guignard e a Av. das Américas está escuro. Moradores relatam insegurança ao caminhar à noite.',
   'active', -23.0260, -43.4610, 'Recreio dos Bandeirantes', 'Rio de Janeiro',
   ARRAY['seguranca','iluminacao','infraestrutura'], 19, 1, 64,
   NOW() - INTERVAL '1 day'),

  ('dddddddd-dddd-dddd-dddd-dddddddddddd',
   '22222222-2222-2222-2222-222222222222', 'Associação Recreio Verde',
   'project', 'Horta comunitária do Recreio',
   'Projeto de horta urbana na praça da Rua Guignard. Já plantamos tomate, alface e hortelã. Precisamos de mais voluntários!',
   'in_progress', -23.0255, -43.4540, 'Recreio dos Bandeirantes', 'Rio de Janeiro',
   ARRAY['sustentabilidade','horta','comunidade'], 35, 2, 203,
   NOW() - INTERVAL '10 days'),

  ('eeeeeeee-eeee-eeee-eeee-eeeeeeeeeeee',
   '33333333-3333-3333-3333-333333333333', 'Subprefeitura do Recreio',
   'need', 'Doação de cestas básicas — famílias afetadas',
   'Identificamos 40 famílias no Recreio que precisam de cestas básicas este mês. Aceitamos doações de alimentos não perecíveis.',
   'active', -23.0230, -43.4510, 'Recreio dos Bandeirantes', 'Rio de Janeiro',
   ARRAY['doacao','alimentos','solidariedade'], 22, 1, 98,
   NOW() - INTERVAL '3 days'),

  ('ffffffff-ffff-ffff-ffff-ffffffffffff',
   '44444444-4444-4444-4444-444444444444', 'Recreio Construções Ltda',
   'event', 'Feira de Sustentabilidade do Recreio',
   'Feira gratuita no estacionamento do Recreio Shopping, dia 15, das 10h às 18h. Palestras, oficinas e expositores locais.',
   'active', -23.0240, -43.4575, 'Recreio dos Bandeirantes', 'Rio de Janeiro',
   ARRAY['evento','sustentabilidade','feira'], 41, 2, 312,
   NOW() - INTERVAL '7 days'),

  ('10101010-1010-1010-1010-101010101010',
   '22222222-2222-2222-2222-222222222222', 'Associação Recreio Verde',
   'action', 'Plantio de mudas nativas na orla',
   'Ação de reflorestamento com 200 mudas nativas da restinga. Encontro na Praia do Recreio, domingo às 7h.',
   'active', -23.0285, -43.4640, 'Recreio dos Bandeirantes', 'Rio de Janeiro',
   ARRAY['ambiental','plantio','restinga'], 17, 1, 74,
   NOW() - INTERVAL '4 days'),

  ('20202020-2020-2020-2020-202020202020',
   '11111111-1111-1111-1111-111111111111', 'Maria Silva',
   'problem', 'Alagamento na Rua Guignard',
   'Após chuvas fortes, a Rua Guignard alaga próximo ao cruzamento com a Av. Gen. Barreto. Problema recorrente há 2 anos.',
   'resolved', -23.0265, -43.4605, 'Recreio dos Bandeirantes', 'Rio de Janeiro',
   ARRAY['drenagem','alagamento','chuva'], 8, 1, 145,
   NOW() - INTERVAL '20 days'),

  ('30303030-3030-3030-3030-303030303030',
   '44444444-4444-4444-4444-444444444444', 'Recreio Construções Ltda',
   'event', 'Campeonato de futebol comunitário',
   'Torneio de futebol de campo na quadra da Escola Municipal do Recreio. Inscrições abertas para times do bairro!',
   'active', -23.0220, -43.4530, 'Recreio dos Bandeirantes', 'Rio de Janeiro',
   ARRAY['esporte','futebol','comunidade'], 33, 1, 189,
   NOW() - INTERVAL '6 days'),

  ('40404040-4040-4040-4040-404040404040',
   '33333333-3333-3333-3333-333333333333', 'Subprefeitura do Recreio',
   'need', 'Voluntários para aulas de reforço escolar',
   'Programa de reforço gratuito para estudantes do Recreio. Precisamos de 10 voluntários para matemática e português.',
   'active', -23.0235, -43.4555, 'Recreio dos Bandeirantes', 'Rio de Janeiro',
   ARRAY['educacao','voluntariado','escola'], 15, 1, 67,
   NOW() - INTERVAL '8 days')
ON CONFLICT (id) DO NOTHING;

-- Comentários demo
INSERT INTO comments (id, post_id, author_id, author_name, content, created_at) VALUES
  ('c0000001-0000-0000-0000-000000000001',
   'aaaaaaaa-aaaa-aaaa-aaaa-aaaaaaaaaaaa',
   '22222222-2222-2222-2222-222222222222', 'Associação Recreio Verde',
   'Já reportamos à prefeitura! Vamos acompanhar a resolução.',
   NOW() - INTERVAL '1 day'),
  ('c0000002-0000-0000-0000-000000000002',
   'aaaaaaaa-aaaa-aaaa-aaaa-aaaaaaaaaaaa',
   '33333333-3333-3333-3333-333333333333', 'Subprefeitura do Recreio',
   'Equipe de obras programada para a próxima semana. Obrigado pelo reporte!',
   NOW() - INTERVAL '12 hours'),
  ('c0000003-0000-0000-0000-000000000003',
   'bbbbbbbb-bbbb-bbbb-bbbb-bbbbbbbbbbbb',
   '11111111-1111-1111-1111-111111111111', 'Maria Silva',
   'Participo todo sábado! Venham, a praia fica linda depois do mutirão.',
   NOW() - INTERVAL '3 days'),
  ('c0000004-0000-0000-0000-000000000004',
   'bbbbbbbb-bbbb-bbbb-bbbb-bbbbbbbbbbbb',
   '44444444-4444-4444-4444-444444444444', 'Recreio Construções Ltda',
   'Vamos patrocinar sacos de lixo e luvas para o próximo mutirão!',
   NOW() - INTERVAL '2 days'),
  ('c0000005-0000-0000-0000-000000000005',
   'bbbbbbbb-bbbb-bbbb-bbbb-bbbbbbbbbbbb',
   '33333333-3333-3333-3333-333333333333', 'Subprefeitura do Recreio',
   'Parabéns pela iniciativa! A subprefeitura apoia o projeto.',
   NOW() - INTERVAL '1 day'),
  ('c0000006-0000-0000-0000-000000000006',
   'dddddddd-dddd-dddd-dddd-dddddddddddd',
   '11111111-1111-1111-1111-111111111111', 'Maria Silva',
   'Adotei uma canteiro na horta! Já colhi minha primeira alface.',
   NOW() - INTERVAL '5 days'),
  ('c0000007-0000-0000-0000-000000000007',
   'dddddddd-dddd-dddd-dddd-dddddddddddd',
   '44444444-4444-4444-4444-444444444444', 'Recreio Construções Ltda',
   'Doamos ferramentas e adubo para a horta. Sucesso no projeto!',
   NOW() - INTERVAL '4 days'),
  ('c0000008-0000-0000-0000-000000000008',
   'ffffffff-ffff-ffff-ffff-ffffffffffff',
   '11111111-1111-1111-1111-111111111111', 'Maria Silva',
   'Vou levar as crianças! Alguém sabe se terá estacionamento?',
   NOW() - INTERVAL '2 days'),
  ('c0000009-0000-0000-0000-000000000009',
   'ffffffff-ffff-ffff-ffff-ffffffffffff',
   '22222222-2222-2222-2222-222222222222', 'Associação Recreio Verde',
   'Teremos nosso estande com oficina de compostagem. Nos vemos lá!',
   NOW() - INTERVAL '1 day'),
  ('c0000010-0000-0000-0000-000000000010',
   'cccccccc-cccc-cccc-cccc-cccccccccccc',
   '33333333-3333-3333-3333-333333333333', 'Subprefeitura do Recreio',
   'Solicitação encaminhada à concessionária de iluminação pública.',
   NOW() - INTERVAL '6 hours')
ON CONFLICT (id) DO NOTHING;

-- Reações demo
INSERT INTO reactions (post_id, user_id) VALUES
  ('aaaaaaaa-aaaa-aaaa-aaaa-aaaaaaaaaaaa', '22222222-2222-2222-2222-222222222222'),
  ('aaaaaaaa-aaaa-aaaa-aaaa-aaaaaaaaaaaa', '33333333-3333-3333-3333-333333333333'),
  ('bbbbbbbb-bbbb-bbbb-bbbb-bbbbbbbbbbbb', '11111111-1111-1111-1111-111111111111'),
  ('bbbbbbbb-bbbb-bbbb-bbbb-bbbbbbbbbbbb', '44444444-4444-4444-4444-444444444444'),
  ('dddddddd-dddd-dddd-dddd-dddddddddddd', '11111111-1111-1111-1111-111111111111'),
  ('ffffffff-ffff-ffff-ffff-ffffffffffff', '11111111-1111-1111-1111-111111111111'),
  ('ffffffff-ffff-ffff-ffff-ffffffffffff', '22222222-2222-2222-2222-222222222222')
ON CONFLICT (post_id, user_id) DO NOTHING;
